State,Center,Hospital_Name,Address,CPRA_Score,link,Kidney_CPRA,Liver_CPRA,Pancreas_CPRA,Kidney_Pancreas_CPRA,Kidney_Wait_Time,Liver_Wait_Time,Pancreas_Wait_Time,Kidney_Pancreas_Wait_Time,Latitude,Longitude
Alabama,ALCH-TX1 Children's of Alabama,Children's of Alabama,"1600 7th Avenue South Birmingham, AL 35233",0,https://www.childrensal.org/?utm_campaign=website-link&utm_medium=organic&utm_source=local-listing,9,0,0,0,0,1,0,0,33.50468945,-86.80563664
Pennsylvania,PALH-TX1 The Lankenau Hospital,The Lankenau Hospital,"100 E Lancaster Ave, Wynnewood, PA 19096",0,https://www.mainlinehealth.org/locations/lankenau-medical-center,81,0,0,0,88,0,0,0,39.98813305,-75.26243038
Oregon,ORGS-TX1 Legacy Good Samaritan Hospital and Medical Center,Legacy Good Samaritan Hospital and Medical Center,"1015 NW 22nd Ave, Portland, OR 97210",0,,183,0,0,0,201,0,0,0,45.5305258,-122.6976216
Oklahoma,OKSJ-TX1 St John Medical Center,St John Medical Center,"2100 S Wheeling Ave, Tulsa, OK 74104",0,https://www.stjohnhealthsystem.com/medical-center,70,0,0,0,82,0,0,0,36.1341242,-95.9646352
Ohio,OHUH-TX1 University Hospitals of Cleveland,University Hospitals of Cleveland,"11100 Euclid Ave, Cleveland, OH 44106",0,https://www.uhhospitals.org/locations/uh-cleveland-medical-center/services/emergency-room?utm_campaign=UH_Cleveland_Medical_Center_Emergency_Room_11100_Euclid_Avenue&utm_source=yext&utm_medium=locallisting&utm_content=website_url,192,0,3,1,0,1,0,0,41.505776,-81.60606907
Ohio,OHOU-TX1 Ohio State University Medical Center,Ohio State University Medical Center,"410 W 10th Ave, Columbus, OH 43210",0,https://wexnermedical.osu.edu/,346,0,1,11,0,12,0,0,39.9950822,-83.01873232
Ohio,OHCC-TX1 The Cleveland Clinic Foundation,The Cleveland Clinic Foundation,"1 Akron General Ave, Akron, OH 44307",0,https://my.clevelandclinic.org/locations/directions/416-akron-general,411,0,12,13,0,51,0,0,41.07844065,-81.53156148
New York,NYUC-TX1 New York University Medical Center,New York University Medical Center,"160 E 34th St, New York, NY 10016",0,,457,0,3,13,0,35,0,0,40.74572245,-73.97881041
New York,NYNY-TX1 New York-Presbyterian Hospital/Weill Cornell Medical Center,New York-Presbyterian Hospital/Weill Cornell Medical Center,"1414 York Ave, New York, NY 10021",0,https://www.nyp.org/locations/newyork-presbyterian-weill-cornell-medical-center,755,0,6,11,0,16,0,0,40.768834,-73.9520813
New York,NYNS-TX1 North Shore University Hospital/Northwell Health,North Shore University Hospital/Northwell Health,"611 Northern Blvd, Great Neck, NY 11021",0,https://www.northwell.edu/find-care/locations/northwell-health-center-adult-ophthalmology,336,0,0,0,0,3,0,0,40.78280275,-73.71604474
New York,NYMS-TX1 Mount Sinai Medical Center,Mount Sinai Medical Center,"5 E 98th St, New York, NY 10029",0,http://www.mountsinai.org/,1497,0,40,23,0,83,0,0,40.78909055,-73.95390005
New York,NYMA-TX1 Montefiore Medical Center,Montefiore Medical Center,"2475 St Raymond Ave, The Bronx, NY 10461",0,https://www.montefiore.org/,808,0,30,32,0,6,0,0,41.6865689,-73.89822742
New York,"NYFL-TX1 Strong Memorial Hospital, University of Rochester Medical Center","Strong Memorial Hospital, University of Rochester Medical Center","601 Elmwood Ave, Rochester, NY 14642",0,http://urmc.rochester.edu/,321,0,5,8,0,1,0,0,43.1225119,-77.62615249
New York,NYCP-TX1 NY Presbyterian Hospital/Columbia Univ. Medical Center,NY Presbyterian Hospital/Columbia Univ. Medical Center,"622 W 168th St, New York, NY 10032",0,http://www.cumc.columbia.edu/?utm_source=Ggl&utm_medium=GMB-link&utm_campaign=CD,434,0,31,8,0,36,0,0,40.84141464,-73.94033186
Nevada,NVUM-TX1 University Medical Center of Southern Nevada,University Medical Center of Southern Nevada,"1800 W Charleston Blvd, Las Vegas, NV 89102",0,https://www.umcsn.com/,74,0,0,0,160,0,0,0,36.16021185,-115.1677488
New Mexico,NMPH-TX1 Presbyterian Hospital,Presbyterian Hospital,"1100 Central Ave SE, Albuquerque, NM 87106",0,https://presbyterian-hospital.phs.org/Pages/default.aspx?utm_source=gmb,255,0,2,3,127,0,1,2,35.08092275,-106.6341359
New Jersey,NJSB-TX1 Saint Barnabas Medical Center,Saint Barnabas Medical Center,"94 Old Short Hills Rd, Livingston, NJ 07039",0,http://www.rwjbh.org/saintbarnabas,1002,0,5,13,"1,159",0,2,13,40.76346035,-74.3048418
New Jersey,NJRW-TX1 Robert Wood Johnson University Hospital,Robert Wood Johnson University Hospital,"1 Robert Wood Johnson Place, New Brunswick, NJ 08901",0,http://www.rwjbh.org/newbrunswick,178,0,1,4,0,0,0,0,40.49542503,-74.44987294
New Jersey,NJLL-TX1 Virtua Our Lady of Lourdes Hospital,Virtua Our Lady of Lourdes Hospital,"1600 Haddon Ave, Camden, NJ 08103",0,https://www.virtua.org/locations/hospital-virtua-our-lady-of-lourdes,212,0,0,3,0,12,0,0,39.9269412,-75.09687826
New Jersey,NJHK-TX1 Hackensack University Medical Center,Hackensack University Medical Center,"30 Prospect Ave, Hackensack, NJ 07601",0,http://www.hackensackumc.org/,136,0,3,4,133,0,0,2,40.8837051,-74.05594088
Nebraska,NEUN-TX1 The Nebraska Medical Center,The Nebraska Medical Center,"4350 Dewey Ave, Omaha, NE 68105",0,https://www.nebraskamed.com/nebraska-medical-center,125,0,11,1,0,30,0,0,41.2564888,-95.9779821
Pennsylvania,PATJ-TX1 Thomas Jefferson University Hospital,Thomas Jefferson University Hospital,"111 S 11th St, Philadelphia, PA 19107",0,https://hospitals.jefferson.edu/find-a-location/locations/thomas-jefferson-university-hospital.html,235,0,1,8,0,18,0,0,39.9493479,-75.15801475
Pennsylvania,PAUP-TX1 Hospital of the University of Pennsylvania,Hospital of the University of Pennsylvania,"3400 Spruce St, Philadelphia, PA 19104",0,https://www.pennmedicine.org/for-patients-and-visitors/penn-medicine-locations/hospital-of-the-university-of-pennsylvania?y_source=1_NDE5ODI4Ny03MTUtbG9jYXRpb24ud2Vic2l0ZQ%3D%3D,861,0,7,23,0,31,0,0,39.94994805,-75.19410142
Texas,TXMH-TX1 Houston Methodist Hospital,Houston Methodist Hospital,"6565 Fannin St, Houston, TX 77030",0,https://www.houstonmethodist.org/locations/texas-medical-center/?utm_source=gmb&utm_medium=organic&utm_campaign=all_front_door_gmb&utm_content=website-click,506,0,4,11,0,37,0,0,29.7108167,-95.39926398
Washington,WAUW-TX1 University of Washington Medical Center,University of Washington Medical Center,"Main Hospital, 1550 N 115th St, Seattle, WA 98133",0,https://www.uwmedicine.org/locations/northwest-hospital?utm_source=gmb&utm_medium=organic&utm_campaign=website_clicks,339,0,0,17,0,45,0,0,47.7145809,-122.3361622
Washington,WASM-TX1 Swedish Medical Center,Swedish Medical Center,"5300 Tallman Ave NW, Seattle, WA 98107",0,https://www.swedish.org/locations/ballard-campus?y_source=1_OTU3Njg3MS03MTUtbG9jYXRpb24uZ29vZ2xlX3dlYnNpdGVfb3ZlcnJpZGU=#llaid=6597,328,0,3,12,0,18,0,0,47.66758725,-122.3800794
Virginia,VAUV-TX1 University of Virginia Health Sciences Center,University of Virginia Health Sciences Center,"1215 Lee St, Charlottesville, VA 22903",0,https://uvahealth.com/locations/profile/university-hospital?utm_source=yext&utm_medium=GMB&y_source=1_MTY4NDQxMDEtNzE1LWxvY2F0aW9uLmdvb2dsZV93ZWJzaXRlX292ZXJyaWRl,408,0,16,15,0,2,0,0,38.0325931,-78.5004716
Virginia,VANG-TX1 Sentara Norfolk General Hospital,Sentara Norfolk General Hospital,"600 Gresham Dr, Norfolk, VA 23507",0,https://www.sentara.com/hampton-roads-virginia/hospitalslocations/locations/sentara-norfolk-general-hospital/directions-parking.aspx,214,0,1,2,0,0,0,0,36.86246035,-76.30383384
Pennsylvania,PALV-TX1 Lehigh Valley Hospital,Lehigh Valley Hospital,"1200 S Cedar Crest Blvd, Allentown, PA 18103",0,https://www.lvhn.org/locations/lehigh-valley-hospital-cedar-crest,134,0,0,9,181,0,0,7,40.586407,-75.523613
Connecticut,CTYN-TX1 Yale New Haven Hospital,Yale New Haven Hospital,"20 York St, New Haven, CT 06510",0,https://www.ynhh.org/locations/new-haven-20-york-street.aspx,437,0,1,0,0,39,0,0,41.3046035,-72.9355941
Connecticut,CTHH-TX1 Hartford Hospital,Hartford Hospital,"80 Seymour St, Hartford, CT 06106",0,https://hartfordhospital.org/,292,0,0,0,0,5,0,0,41.7544777,-72.6796497
Georgia,"GAMC-TX1 AU Medical Center, Inc.","AU Medical Center, Inc.","1120 15th St, Augusta, GA 30912",0,http://www.augustahealth.org/,497,0,0,9,368,0,1,6,33.47110005,-81.98981675
Arizona,AZCH-TX1 Phoenix Children's Hospital,Phoenix Children's Hospital,"1919 E Thomas Rd, Phoenix, AZ 85016",0,http://phoenixchildrens.org/?utm_source=chatmeter&utm_medium=local-listing,8,0,0,0,0,2,0,0,33.4788896,-112.0411281
Alabama,ALVA-TX1 Birmingham VA Medical Center,Birmingham VA Medical Center,"700 19th St S, Birmingham, AL 35233",0,http://www.birmingham.va.gov/,44,0,0,0,37,0,0,0,33.50505,-86.80129
Arizona,AZMC-TX1 Mayo Clinic Hospital,Mayo Clinic Hospital,"5777 East Mayo Boulevard Phoenix, AZ 85054",0,http://www.mayoclinic.org/patient-visitor-guide/arizona/campus-buildings-maps/mayo-clinic-hospital?mc_id=us&utm_source=yext&utm_medium=l&utm_content=feature&utm_campaign=mayoclinic&geo=national&placementsite=enterprise&invsrc=other&cauid=102372,475,0,1,11,0,29,0,0,33.65725275,-111.9558917
Colorado,COSL-TX1 Presbyterian/St Luke's Medical Center,Presbyterian/St Luke's Medical Center,"1719 E 19th Ave, Denver, CO 80218",0,https://healthonecares.com/locations/presbyterian-st-lukes?utm_campaign=corp_listings_mgmt&utm_source=google&utm_medium=business_listing,289,0,0,0,0,8,0,0,39.74715715,-104.9670967
Arizona,AZGS-TX1 Banner-University Medical Center Phoenix,Banner-University Medical Center Phoenix,"1111 E McDowell Rd, Phoenix, AZ 85006",0,https://www.bannerhealth.com/locations/phoenix/banner-university-medical-center-phoenix?y_source=1_MTE5MDczNTMtNzE1LWxvY2F0aW9uLmdvb2dsZV93ZWJzaXRlX292ZXJyaWRl,171,0,1,2,0,17,0,0,33.46470925,-112.05858
Colorado,COUC-TX1 University of Colorado Hospital/Health Science Center,University of Colorado Hospital/Health Science Center,"1620 N Gaylord St #1207, Denver, CO 80206",0,http://www.cuanschutz.edu/,710,0,12,24,0,85,0,0,39.74202069,-104.9609037
Arkansas,ARUA-TX1 UAMS Medical Center,UAMS Medical Center,"4301 W Markham Little Rock, AR 72205",0,https://uamshealth.com/location/uams-medical-center/?utm_source=google&utm_medium=gmb&utm_campaign=clinical&utm_term=location&utm_content=profile&utm_specs=uams-medical-center,43,0,0,0,0,7,0,0,34.74953576,-92.32053163
Alabama,ALUA-TX1 University of Alabama Hospital,University of Alabama Hospital,"619 South 20th Street Birmingham, AL 35233",0,http://www.uabmedicine.org/locations/uab-hospital,622,0,3,7,0,41,0,0,33.51165166,-86.89626998
California,CASJ-TX1 Saint Joseph Hospital,Saint Joseph Hospital,"1100 W Stewart Dr, Orange, CA 92868",0,https://www.providence.org/locations/st-joseph-hospital-orange?y_source=1_MTUzNTQ1MTYtNzE1LWxvY2F0aW9uLmdvb2dsZV93ZWJzaXRlX292ZXJyaWRl#llaid=2509,191,0,0,0,194,0,0,0,33.78213355,-117.8640264
California,CACS-TX1 Cedars-Sinai Medical Center,Cedars-Sinai Medical Center,"8700 Beverly Blvd #2900A, Los Angeles, CA 90048",0,https://www.cedars-sinai.org/,835,0,2,7,0,5,0,0,34.0751604,-118.3810936
California,CAUH-TX1 Keck Hospital of USC,Keck Hospital of USC,"1500 San Pablo St, Los Angeles, CA 90033",0,https://www.keckmedicine.org/about-keck-medicine/keck-hospital-of-usc/,1098,0,0,3,0,24,0,0,34.0627257,-118.2018882
Arizona,AZSJ-TX1 St. Joseph's Hospital and Medical Center,St. Joseph's Hospital and Medical Center,"350 West Thomas Road Phoenix, AZ 85013",0,https://locations.dignityhealth.org/st-joseph's-hospital-and-medical-center?utm_source=LocalSearch&utm_medium=Facility&utm_campaign=Arizona&utm_term=St.Joseph%27sHospitalandMedicalCenter&y_source=1_NjE3ODk3NS03MTUtbG9jYXRpb24ud2Vic2l0ZQ%3D%3D,71,0,0,0,0,2,0,0,33.4822628,-112.0800515
California,CASH-TX1 Sharp Memorial Hospital,Sharp Memorial Hospital,"7901 Frost St, San Diego, CA 92123",0,https://www.sharp.com/hospitals/memorial/?utm_source=google&utm_medium=organic&utm_campaign=yext,355,0,3,12,0,0,0,0,32.79969815,-117.1543535
Virginia,"VAMC-TX1 VCU Health System Authority, VCUMC","VCU Health System Authority, VCUMC","57 N 11th St, Richmond, VA 23298",0,http://www.vcuhealth.org/,487,0,3,15,0,5,0,0,37.93202486,-122.3591208
California,CASM-TX1 University of California Davis Medical Center,University of California Davis Medical Center,"2315 Stockton Blvd, Sacramento, CA 95817",0,http://www.ucdmc.ucdavis.edu/medicalcenter/,997,0,0,3,751,0,0,0,38.5526924,-121.45179
California,CASD-TX1 University of California San Diego Medical Center,University of California San Diego Medical Center,"9300 Campus Point Dr, La Jolla, CA 92037",0,https://healthlocations.ucsd.edu/la-jolla/9400-campus-point-drive?utm_source=googlemybusiness&utm_medium=listings,543,0,0,0,0,17,0,0,32.87803826,-117.2255213
California,CAPM-TX1 California Pacific Medical Center-Van Ness Campus,California Pacific Medical Center-Van Ness Campus,"1101 Van Ness Ave, San Francisco, CA 94109",0,https://www.sutterhealth.org/find-location/facility/cpmc-van-ness-campus,1283,0,1,23,0,158,0,0,37.785784,-122.421601
California,CAPC-TX1 Lucile Salter Packard Children's Hospital at Stanford,Lucile Salter Packard Children's Hospital at Stanford,"725 Welch Rd, Palo Alto, CA 94304",0,https://www.stanfordchildrens.org/?utm_source=local&utm_medium=Yext&utm_campaign=GMB&y_source=1_MTY1NzU0NDYtNzE1LWxvY2F0aW9uLmdvb2dsZV93ZWJzaXRlX292ZXJyaWRl,58,0,3,0,0,5,0,0,37.43615675,-122.175251
California,CASU-TX1 Stanford Health Care,Stanford Health Care,"6475 Camden Ave, San Jose, CA 95120",0,https://stanfordhealthcare.org/,602,0,1,4,0,63,0,0,37.220664,-121.865107
California,CALL-TX1 Loma Linda University Medical Center,Loma Linda University Medical Center,"11234 Anderson St, Loma Linda, CA 92354",0,https://lluh.org/?utm_source=google-local&utm_medium=organic&utm_campaign=yext,918,0,2,17,0,26,0,0,34.04911185,-117.2634355
California,CALA-TX1 Harbor UCLA Medical Center,Harbor UCLA Medical Center,"1000 W Carson St, Torrance, CA 90502",0,http://www.harbor-ucla.org/,309,0,0,0,378,0,0,0,33.8314751,-118.3090998
California,CAIM-TX1 University of California Irvine Medical Center,University of California Irvine Medical Center,"101 The City Dr S, Orange, CA 92868",0,https://www.ucihealth.org/,552,0,0,2,534,0,0,2,33.78722845,-117.8884071
California,CAGH-TX1 Scripps Green Hospital,Scripps Green Hospital,"10666 N Torrey Pines Rd, San Diego, CA 92037",0,http://www.scripps.org/LocListSGHsdpsocial-gmb,250,0,2,8,0,5,0,0,32.89631765,-117.2426391
California,CACL-TX1 Childrens Hospital Los Angeles,Childrens Hospital Los Angeles,"4650 Sunset Blvd, Los Angeles, CA 90027",0,https://www.chla.org/,24,0,0,0,0,1,0,0,34.0976912,-118.2900801
California,CACH-TX1 Rady Children's Hospital and Health Center,Rady Children's Hospital and Health Center,"D, 477 N El Camino Real #302, Encinitas, CA 92024",0,http://www.rchsd.org/,26,0,0,0,0,0,0,0,33.0571471,-117.2614423
California,CAUC-TX1 University of California at Los Angeles Medical Center,University of California at Los Angeles Medical Center,"757 Westwood Plaza, Los Angeles, CA 90095",0,https://www.uclahealth.org/reagan?utm_source=google&utm_medium=Yext,1406,0,15,2,0,1,0,0,34.0664646,-118.4465073
Arizona,AZUA-TX1 Banner University Medical Center-Tucson,Banner University Medical Center-Tucson,"1625 North Campbell Avenue Tucson, AZ 85719",0,https://www.bannerhealth.com/locations/tucson/banner-university-medical-center-tucson,60,0,0,0,0,5,0,0,32.24197631,-110.9440946
Wisconsin,WIUW-TX1 University of Wisconsin Hospital and Clinics,University of Wisconsin Hospital and Clinics,"600 Highland Ave, Madison, WI 53792",0,https://www.uwhealth.org/findadoctor/location/170,528,0,5,11,0,21,0,0,43.0763751,-89.43200488
California,CASF-TX1 University of California San Francisco Medical Center,University of California San Francisco Medical Center,"505 Parnassus Ave, San Francisco, CA 94143",0,https://www.ucsfhealth.org/,2791,0,10,63,0,198,0,0,37.76307,-122.4574027
Texas,TXVA-TX1 Michael E. DeBakey VA Medical Center,Michael E. DeBakey VA Medical Center,"2002 Holcombe Blvd, Houston, TX 77030",0,http://www.houston.va.gov/,251,0,0,0,0,2,0,0,29.70187215,-95.38885497
Pennsylvania,PAPT-TX1 University of Pittsburgh Medical Center,University of Pittsburgh Medical Center,"200 Lothrop St, Pittsburgh, PA 15213",0,https://www.upmc.com/locations/hospitals/presbyterian,350,0,11,13,0,25,0,0,40.4427264,-79.96064675
Texas,TXTX-TX1 Baylor University Medical Center,Baylor University Medical Center,"1 Baylor Plaza, Houston, TX 77030",0,https://www.bcm.edu/,405,0,1,3,0,17,0,0,29.7104775,-95.39580027
Florida,FLFH-TX1 AdventHealth Orlando,AdventHealth Orlando,"601 E Rollins St Suite 400, Orlando, FL 32803",0,https://www.adventhealth.com/hospital/adventhealth-orlando,231,0,1,4,0,6,0,0,28.5735429,-81.3692095
Florida,FLCC-TX1 Cleveland Clinic Florida Weston,Cleveland Clinic Florida Weston,"1825 N Corporate Lakes Blvd, Weston, FL 33326",0,https://my.clevelandclinic.org/locations/directions/203-cleveland-clinic-florida,551,0,0,0,0,6,0,0,26.09598125,-80.36910924
District of Columbia,DCGW-TX1 George Washington University Hospital,George Washington University Hospital,"900 23rd St NW, Washington, DC 20037",0,https://www.gwhospital.com/?utm_source=google-business&utm_medium=organic&utm_campaign=homepage,141,0,0,0,235,0,0,0,38.9014106,-77.05060019
District of Columbia,DCGU-TX1 Medstar Georgetown Transplant Institute,Medstar Georgetown Transplant Institute,"2629 Riva Rd Suite 110, Annapolis, MD 21401",0,http://www.medstargeorgetown.org/,410,0,7,20,0,38,0,0,38.9499688,-76.5877747
Illinois,ILPL-TX1 Rush University Medical Center,Rush University Medical Center,"1620 W Harrison St, Chicago, IL 60612",0,https://www.rush.edu/schedule-appointments-online-anytime-anywhere?utm_source=listing&utm_medium=organic&utm_campaign=yext&y_source=1_ODc5MzM1Ni03MTUtbG9jYXRpb24ucmVzZXJ2YXRpb25fdXJs,295,0,18,14,0,1,0,0,41.8738892,-87.6861602
Illinois,ILUC-TX1 University of Chicago Medical Center,University of Chicago Medical Center,"5841 S Maryland Ave, Chicago, IL 60637",0,https://www.uchicagomedicine.org/,352,0,20,6,0,5,0,0,41.7883423,-87.6045824
Missouri,MOSL-TX1 SSM Health Saint Louis University Hospital,SSM Health Saint Louis University Hospital,"1201 S Grand Blvd, St. Louis, MO 63104",0,https://www.ssmhealth.com/locations/saint-louis-university-hospital?utm_id=gmb-stl-11&hgcrm_channel=sms_text&hgcrm_source=healthgrades&hgcrm_agency=client&hgcrm_campaignid=1640&hgcrm_tacticid=2668&hgcrm_trackingsetid=4071,93,0,0,1,0,2,0,0,38.623991,-90.23754
Texas,TXTY-TX1 East Texas Medical Center,East Texas Medical Center,"701 Olympic Plaza Circle, Tyler, TX 75701",0,https://uthealtheasttexas.com/,64,0,0,0,76,0,0,0,32.33670885,-95.29196977
Missouri,MORH-TX1 Research Medical Center,Research Medical Center,"2316 E Meyer Blvd, Kansas City, MO 64132",0,https://researchmedicalcenter.com/,95,0,0,2,67,0,0,1,39.00993505,-94.55974788
Missouri,MOBH-TX1 Barnes-Jewish Hospital,Barnes-Jewish Hospital,"1 Barnes Jewish Hospital Plaza, St. Louis, MO 63110",0,http://www.barnesjewish.org/?utm_medium=organic&utm_source=listing&utm_campaign=bjh,386,0,1,10,0,11,0,0,38.63734255,-90.26432457
Minnesota,"MNUM-TX1 University of Minnesota Medical Center, Fairview","University of Minnesota Medical Center, Fairview","500 SE Harvard St, Minneapolis, MN 55455",0,https://www.mhealth.org/locations/buildings/east-bank-hospital-ummc,153,0,11,28,0,33,0,0,44.97101265,-93.23144467
Minnesota,MNHC-TX1 Hennepin County Medical Center,Hennepin County Medical Center,"730 S 8th St, Minneapolis, MN 55415",0,http://www.hennepinhealthcare.org/,140,0,0,0,142,0,0,0,44.971829,-93.2626799
Michigan,MIUM-TX1 University of Michigan Medical Center,University of Michigan Medical Center,"1500 E Medical Center Dr, Ann Arbor, MI 48109",0,http://www.uofmhealth.org/,427,0,2,10,0,36,0,0,42.2820788,-83.72731499
Florida,FLHM-TX1 Halifax Medical Center,Halifax Medical Center,"303 N Clyde Morris Blvd, Daytona Beach, FL 32114",0,https://bit.ly/medical-center-daytona,50,0,0,0,38,0,0,0,29.20140485,-81.05413869
Michigan,MISM-TX1 Mercy Health Saint Mary’s,Mercy Health Saint Mary’s,"200 Jefferson Ave SE, Grand Rapids, MI 49503",0,https://www.mercyhealth.com/location/20_Mercy_Health_Saint_Marys,160,0,0,0,127,0,0,0,42.95837285,-85.66280337
Michigan,MIBH-TX1 William Beaumont Hospital,William Beaumont Hospital,"Medical Office Building, 3535 W 13 Mile Rd #742, Royal Oak, MI 48073",0,http://www.moimd.com/,248,0,0,0,0,2,0,0,42.51564985,-83.19053091
Maryland,MDUM-TX1 University of Maryland Medical System,University of Maryland Medical System,"250 W Pratt St, Baltimore, MD 21201",0,https://www.umms.org/?utm_campaign=website-link&utm_medium=organic&utm_source=local-listing,474,0,3,4,0,62,0,0,39.28673275,-76.61875925
Maine,MAPB-TX1 Brigham and Women's Hospital,Brigham and Women's Hospital,"75 Francis St, Boston, MA 02115",0,https://www.brighamandwomens.org/,310,0,3,12,0,0,0,0,42.33568,-71.10604363
Indiana,INIM-TX1 Indiana University Health,Indiana University Health,"3777 Frontage Rd, Michigan City, IN 46360",0,https://iuhealth.org/,472,0,15,10,0,16,0,0,46.381339,-86.617661
Maine,MANM-TX1 Tufts Medical Center,Tufts Medical Center,"800 Washington St, Boston, MA 02111",0,https://www.tuftsmedicalcenter.org/About-Us/Locations-and-Directions,151,0,0,0,0,0,0,0,42.3494397,-71.06308468
Maine,MAMG-TX1 Massachusetts General Hospital,Massachusetts General Hospital,"55 Fruit St, Boston, MA 02114",0,http://www.massgeneral.org/,1006,0,12,8,0,82,0,0,42.36286045,-71.06875297
Maine,MALC-TX1 Lahey Clinic Medical Center,Lahey Clinic Medical Center,"41 Burlington Mall Road, Burlington, MA 01805",0,https://www.lahey.org/,158,0,0,0,0,37,0,0,42.48464385,-71.2042249
Maine,MABU-TX1 Boston Medical Center,Boston Medical Center,"One Boston Medical Center Pl, Boston, MA 02118",0,http://www.bmc.org/?utm_campaign=yextbuilding&utm_source=building_listing&utm_medium=yext,206,0,0,0,119,0,0,0,42.33417195,-71.07464492
Maine,MABI-TX1 Beth Israel Deaconess Medical Center,Beth Israel Deaconess Medical Center,"330 Brookline Ave, Boston, MA 02215",0,https://www.bidmc.org/,305,0,8,26,0,14,0,0,42.3397554,-71.10492182
Louisiana,LAWK-TX1 Willis-Knighton Medical Center,Willis-Knighton Medical Center,"2600 Greenwood Rd, Shreveport, LA 71103",0,http://www.wkhs.com/Locations/MedicalCenter,163,0,3,4,0,12,0,0,32.48491885,-93.77870669
Kentucky,KYUK-TX1 University of Kentucky Medical Center,University of Kentucky Medical Center,"1000 S Limestone, Lexington, KY 40536",0,https://ukhealthcare.uky.edu/?utm_campaign=website-link&utm_medium=organic&utm_source=local-listing,200,0,0,7,0,19,0,0,38.0310772,-84.5093899
Kansas,KSUK-TX1 University of Kansas Hospital,University of Kansas Hospital,"4000 Cambridge St, Kansas City, KS 66160",0,https://www.kansashealthsystem.com/?utm_source=local&utm_medium=organic&utm_campaign=gmb,209,0,0,5,0,20,0,0,39.0559267,-94.6090332
Indiana,INSV-TX1 Ascension St. Vincent Hospital,Ascension St. Vincent Hospital,"2001 W 86th St, Indianapolis, IN 46260",0,https://healthcare.ascension.org/locations/indiana/ineva/indianapolis-ascension-st-vincent-hospital-indianapolis-emergency?utm_campaign=gmb-website&utm_medium=organic&utm_source=google,79,0,0,0,0,0,0,0,39.90614815,-86.19743986
Michigan,MIHF-TX1 Henry Ford Hospital,Henry Ford Hospital,"2799 W Grand Blvd, Detroit, MI 48202",0,https://www.henryford.com/locations/henry-ford-hospital?utm_campaign=website-link&utm_medium=organic&utm_source=local-listing,223,0,19,10,0,23,0,0,42.36764305,-83.0853755
Florida,FLJM-TX1 Jackson Memorial Hospital University of Miami School of Medicine,Jackson Memorial Hospital University of Miami School of Medicine,"1695 NW 9th Ave #2303, Miami, FL 33136",0,http://med.miami.edu/,436,0,14,10,0,31,0,0,25.791348,-80.209851
Maine,MAUM-TX1 UMass Memorial Medical Center,UMass Memorial Medical Center,"26 Queen St, Worcester, MA 01610",0,http://umassmemorial.org/,348,0,10,6,0,39,0,0,42.25930925,-71.81495237
Florida,FLSH-TX1 Ascension Sacred Heart Pensacola,Ascension Sacred Heart Pensacola,"5151 N 9th Ave, Pensacola, FL 32504",0,https://healthcare.ascension.org/Locations/Florida/FLPEN/Pensacola-Ascension-Sacred-Heart-Pensacola?utm_campaign=gmb-website&utm_medium=organic&utm_source=google,88,0,0,0,143,0,0,0,30.4777724,-87.21136549
Texas,TXSP-TX1 UT Southwestern Medical Center/William P. Clements Jr. University Hospital,UT Southwestern Medical Center/William P. Clements Jr. University Hospital,"6201 Harry Hines Blvd, Dallas, TX 75390",0,https://utswmed.org/locations/clements/?utm_campaign=directory_listing,238,0,0,0,0,1,0,0,32.81949345,-96.84884666
Texas,TXMC-TX1 Methodist Dallas Medical Center,Methodist Dallas Medical Center,"1441 N Beckley Ave, Dallas, TX 75203",0,https://www.methodisthealthsystem.org/methodist-dallas-medical-center/?L=true,201,0,1,4,0,25,0,0,32.76125335,-96.82504596
Pennsylvania,PAVA-TX1 VA Pittsburgh Healthcare System,VA Pittsburgh Healthcare System,"7180 Highland Dr, Pittsburgh, PA 15206",0,http://www.pittsburgh.va.gov/,242,0,0,0,0,13,0,0,40.47814702,-79.89882227
Texas,TXHS-TX1 Methodist Specialty and Transplant Hospital,Methodist Specialty and Transplant Hospital,"8026 Floyd Curl Dr, San Antonio, TX 78229",0,https://sahealth.com/specialties/emergency-care?location=methodist-hospital-specialty-and-transplant?utm_campaign=corp_listings_mgmt&utm_source=google&utm_medium=business_listing,1138,0,7,5,0,27,0,0,29.5142308,-98.57634466
Florida,FLLM-TX1 Largo Medical Center,Largo Medical Center,"201 14th St SW, Largo, FL 33770",0,http://largomedical.com/?utm_campaign=corp_listings_mgmt&utm_source=google&utm_medium=business_listing,42,0,0,0,0,3,0,0,27.91485839,-82.802742
Texas,TXHD-TX1 Medical City Dallas Hospital,Medical City Dallas Hospital,"7777 Forest Ln, Dallas, TX 75230",0,https://medicalcityhealthcare.com/locations/medical-city-dallas/?utm_campaign=corp_listings_mgmt&utm_source=google&utm_medium=business_listing,194,0,0,4,0,0,0,0,32.91149145,-96.77323125
Texas,TXDR-TX1 Doctor's Hospital at Renaissance,Doctor's Hospital at Renaissance,"2717 Michael Angelo Dr Suite 200, Edinburg, TX 78539",0,https://www.dhrhealth.com/services/oncology,168,0,0,0,164,0,0,0,26.25482161,-98.20205872
Texas,"TXBC-TX1 University Hospital, University of Texas Health Science Center","University Hospital, University of Texas Health Science Center","7703 Floyd Curl Dr, San Antonio, TX 78229",0,http://www.uthealthsa.org/,349,0,0,0,0,28,0,0,29.50738317,-98.57341893
Tennessee,TNVU-TX1 Vanderbilt University Medical Center,Vanderbilt University Medical Center,"1211 Medical Center Dr, Nashville, TN 37232",0,https://search.vanderbilthealth.com/locations/vanderbilt-university-medical-center?utm_source=Yext&utm_medium=Listings&utm_campaign=WebsiteClicks_Facility&utm_content=338,614,0,1,10,0,1,0,0,36.14092375,-86.80163418
South Dakota,SDMK-TX1 Avera McKennan Hospital,Avera McKennan Hospital,"1325 S Cliff Ave, Sioux Falls, SD 57105",0,https://www.avera.org/locations/mckennan/?y_source=1_MTIyMTIzMjMtNzE1LWxvY2F0aW9uLndlYnNpdGU=,124,0,0,5,0,10,0,0,43.5343826,-96.71380731
South Carolina,SCMU-TX1 Medical University of South Carolina,Medical University of South Carolina,"171 Ashley Ave, Charleston, SC 29425",0,https://www.muschealth.org/?utm_source=Yext&utm_medium=Listings&utm_campaign=WebsiteClicksFacility&y_source=1_MTI2NTc3MDQtNzE1LWxvY2F0aW9uLndlYnNpdGU%3D,225,0,0,9,0,16,0,0,32.78553865,-79.95170579
Puerto Rico,PRSJ-TX1 Auxilio Mutuo Hospital,Auxilio Mutuo Hospital,"Av. Juan Ponce de León, Hato Rey Central, San Juan 00919, Puerto Rico",0,http://www.auxiliomutuo.com/,185,0,0,2,0,4,0,0,18.4236382,-66.057291
North Carolina,NCMH-TX1 University of North Carolina Hospitals,University of North Carolina Hospitals,"101 Manning Dr, Chapel Hill, NC 27514",0,http://www.uncmedicalcenter.org/,548,0,3,11,0,6,0,0,35.9050278,-79.05064178
North Carolina,NCEC-TX1 Vidant Medical Center,Vidant Medical Center,"2100 Stantonsburg Rd, Greenville, NC 27834",0,https://locations.vidanthealth.com/nc/greenville/vidant-medical-center.html,87,0,0,6,249,0,2,5,35.6088096,-77.4067487
Texas,TXHI-TX1 CHI St. Luke's Health Baylor College of Medicine Medical Center,CHI St. Luke's Health Baylor College of Medicine Medical Center,"6720 Bertner Ave, Houston, TX 77030",0,https://www.stlukeshealth.org/locations/baylor-st-lukes-medical-center?utm_source=LocalSearch&utm_medium=Facility&utm_campaign=CHITexas&utm_term=CHIStLukesHealthBaylorStLukesMedicalCenter&y_source=1_MTUxNjI3NTYtNzE1LWxvY2F0aW9uLndlYnNpdGU%3D,591,0,0,0,0,36,0,0,29.7081119,-95.40044102
Florida,FLUF-TX1 UF Health Shands Hospital,UF Health Shands Hospital,"1515 SW Archer Rd, Gainesville, FL 32608",0,https://ufhealth.org/shands-university-florida,298,0,0,8,0,5,0,0,29.6389056,-82.34237223
North Carolina,NCDU-TX1 Duke University Hospital,Duke University Hospital,"2301 Erwin Rd, Durham, NC 27710",0,https://www.dukehealth.org/hospitals/duke-university-hospital/home?utm_source=google&utm_medium=organic&utm_campaign=Directory+Management,402,0,2,5,0,9,0,0,36.0070213,-78.93734788
Florida,FLSL-TX1 Mayo Clinic Florida,Mayo Clinic Florida,"4500 San Pablo Rd S, Jacksonville, FL 32224",0,http://www.mayoclinic.org/patient-visitor-guide/florida/campus-buildings-maps/mayo-building-hospital?mc_id=us&utm_source=yext&utm_medium=l&utm_content=feature&utm_campaign=mayoclinic&geo=national&placementsite=enterprise&invsrc=other&cauid=102372,344,0,3,5,0,30,0,0,30.2859794,-81.4375798
Illinois,ILSF-TX1 OSF Saint Francis Medical Center,OSF Saint Francis Medical Center,"530 NE Glen Oak Ave, Peoria, IL 61637",0,https://www.osfhealthcare.org/saint-francis/,215,0,1,4,0,0,0,0,40.7023663,-89.58998457
Georgia,GAEM-TX1 Emory University Hospital,Emory University Hospital,"1364 E Clifton Rd NE, Atlanta, GA 30322",0,https://www.emoryhealthcare.org/locations/hospitals/emory-university-hospital/index.html?hcmacid=a0Z1P00000GmrDb&utm_campaign=locations_fy21&utm_source=gmb&utm_medium=referral&utm_content=gmb_locations,751,0,0,2,0,37,0,0,33.7689292,-84.33302
Washington,WAVM-TX1 Virginia Mason Medical Center,Virginia Mason Medical Center,"1100 9th Ave, Seattle, WA 98101",0,https://www.virginiamason.org/seattle,193,0,1,7,105,0,0,3,47.6101681,-122.3278853
Georgia,GAPH-TX1 Piedmont Hospital,Piedmont Hospital,"1968 Peachtree Rd NW, Atlanta, GA 30309",0,https://www.piedmont.org/locations/piedmont-atlanta/pah-home?utm_source=directorylisting&utm_medium=seo&utm_campaign=10223&y_source=1_MTI5OTY4MzYtNzE1LWxvY2F0aW9uLmdvb2dsZV93ZWJzaXRlX292ZXJyaWRl,338,0,0,1,0,44,0,0,33.80855411,-84.39363936
Florida,FLTG-TX1 Tampa General Hospital,Tampa General Hospital,"1 Tampa General Cir, Tampa, FL 33606",0,https://www.tgh.org/?utm_source=ExtNet&utm_medium=Yext,529,0,0,7,0,14,0,0,27.9375006,-82.45889587
Idaho,IAVA-TX1 The Iowa City VA Health Care System,The Iowa City VA Health Care System,"601 US-6 W, Iowa City, IA 52246",0,http://www.iowacity.va.gov/,104,0,0,0,49,0,0,0,41.6642319,-91.5489717
Illinois,ILCH-TX1 Advocate Christ Medical Center,Advocate Christ Medical Center,"4440 W 95th St, Oak Lawn, IL 60453",0,http://locations.advocatehealth.com,190,0,0,0,0,0,0,0,41.7235705,-87.732089
Illinois,ILCM-TX1 Ann & Robert H. Lurie Children's Hospital of Chicago,Ann & Robert H. Lurie Children's Hospital of Chicago,"225 E Chicago Ave, Chicago, IL 60611",0,https://www.luriechildrens.org/,37,0,0,0,0,1,0,0,41.89624405,-87.6218314
Illinois,ILLU-TX1 Loyola University Medical Center,Loyola University Medical Center,"2160 S 1st Ave, Maywood, IL 60153",0,https://www.loyolamedicine.org/locations/loyola-university-medical-center,288,0,4,12,0,19,0,0,41.86517832,-87.83349118
Illinois,ILNM-TX1 Northwestern Memorial Hospital,Northwestern Memorial Hospital,"251 E Huron St, Chicago, IL 60611",0,https://www.nm.org/locations/northwestern-memorial-hospital?utm_source=yext&utm_medium=gmb+location&utm_campaign=online+listings&y_source=1_ODIyOTk0Ny03MTUtbG9jYXRpb24uZ29vZ2xlX3dlYnNpdGVfb3ZlcnJpZGU%3D,579,0,10,22,0,5,0,0,41.89498135,-87.62153624
Hawaii,HIQM-TX1 The Queen's Medical Center,The Queen's Medical Center,"1301 Punchbowl St, Honolulu, HI 96813",0,http://www.queensmedicalcenter.org/,239,0,0,0,0,6,0,0,21.3081127,-157.8540931
Arizona,AZSJ-TX1 St. Joseph's Hospital and Medical Center,St. Joseph's Hospital and Medical Center,"350 West Thomas Road Phoenix, AZ 85013",1-19,https://locations.dignityhealth.org/st-joseph's-hospital-and-medical-center?utm_source=LocalSearch&utm_medium=Facility&utm_campaign=Arizona&utm_term=St.Joseph%27sHospitalandMedicalCenter&y_source=1_NjE3ODk3NS03MTUtbG9jYXRpb24ud2Vic2l0ZQ%3D%3D,14,0,0,0,0,2,0,0,33.4822628,-112.0800515
Florida,FLSL-TX1 Mayo Clinic Florida,Mayo Clinic Florida,"4500 San Pablo Rd S, Jacksonville, FL 32224",1-19,http://www.mayoclinic.org/patient-visitor-guide/florida/campus-buildings-maps/mayo-building-hospital?mc_id=us&utm_source=yext&utm_medium=l&utm_content=feature&utm_campaign=mayoclinic&geo=national&placementsite=enterprise&invsrc=other&cauid=102372,142,0,4,5,0,30,0,0,30.2859794,-81.4375798
Pennsylvania,PAVA-TX1 VA Pittsburgh Healthcare System,VA Pittsburgh Healthcare System,"7180 Highland Dr, Pittsburgh, PA 15206",1-19,http://www.pittsburgh.va.gov/,173,0,0,0,0,13,0,0,40.47814702,-79.89882227
North Carolina,NCCM-TX1 Carolinas Medical Center,Carolinas Medical Center,"1000 Blythe Blvd, Charlotte, NC 28203",1-19,https://atriumhealth.org/locations/detail/carolinas-medical-center?utm_campaign=Homepage&utm_source=GMB&utm_medium=organic,102,0,0,4,0,26,0,0,35.20374595,-80.83931376
North Carolina,NCDU-TX1 Duke University Hospital,Duke University Hospital,"2301 Erwin Rd, Durham, NC 27710",1-19,https://www.dukehealth.org/hospitals/duke-university-hospital/home?utm_source=google&utm_medium=organic&utm_campaign=Directory+Management,59,0,2,0,0,9,0,0,36.0070213,-78.93734788
Connecticut,CTHH-TX1 Hartford Hospital,Hartford Hospital,"80 Seymour St, Hartford, CT 06106",1-19,https://hartfordhospital.org/,21,0,0,0,0,5,0,0,41.7544777,-72.6796497
Michigan,MIUM-TX1 University of Michigan Medical Center,University of Michigan Medical Center,"1500 E Medical Center Dr, Ann Arbor, MI 48109",1-19,http://www.uofmhealth.org/,118,0,0,3,0,36,0,0,42.2820788,-83.72731499
Florida,FLTG-TX1 Tampa General Hospital,Tampa General Hospital,"1 Tampa General Cir, Tampa, FL 33606",1-19,https://www.tgh.org/?utm_source=ExtNet&utm_medium=Yext,68,0,0,1,0,14,0,0,27.9375006,-82.45889587
California,CAUC-TX1 University of California at Los Angeles Medical Center,University of California at Los Angeles Medical Center,"757 Westwood Plaza, Los Angeles, CA 90095",1-19,https://www.uclahealth.org/reagan?utm_source=google&utm_medium=Yext,129,0,1,0,0,1,0,0,34.0664646,-118.4465073
California,CAUH-TX1 Keck Hospital of USC,Keck Hospital of USC,"1500 San Pablo St, Los Angeles, CA 90033",1-19,https://www.keckmedicine.org/about-keck-medicine/keck-hospital-of-usc/,69,0,0,0,0,24,0,0,34.0627257,-118.2018882
California,CASU-TX1 Stanford Health Care,Stanford Health Care,"6475 Camden Ave, San Jose, CA 95120",1-19,https://stanfordhealthcare.org/,500,0,0,2,0,63,0,0,37.220664,-121.865107
Hawaii,HIQM-TX1 The Queen's Medical Center,The Queen's Medical Center,"1301 Punchbowl St, Honolulu, HI 96813",1-19,http://www.queensmedicalcenter.org/,10,0,0,0,0,6,0,0,21.3081127,-157.8540931
Georgia,GAEM-TX1 Emory University Hospital,Emory University Hospital,"1364 E Clifton Rd NE, Atlanta, GA 30322",1-19,https://www.emoryhealthcare.org/locations/hospitals/emory-university-hospital/index.html?hcmacid=a0Z1P00000GmrDb&utm_campaign=locations_fy21&utm_source=gmb&utm_medium=referral&utm_content=gmb_locations,520,0,0,1,0,37,0,0,33.7689292,-84.33302
Georgia,GAPH-TX1 Piedmont Hospital,Piedmont Hospital,"1968 Peachtree Rd NW, Atlanta, GA 30309",1-19,https://www.piedmont.org/locations/piedmont-atlanta/pah-home?utm_source=directorylisting&utm_medium=seo&utm_campaign=10223&y_source=1_MTI5OTY4MzYtNzE1LWxvY2F0aW9uLmdvb2dsZV93ZWJzaXRlX292ZXJyaWRl,211,0,2,1,0,44,0,0,33.80855411,-84.39363936
Florida,FLFH-TX1 AdventHealth Orlando,AdventHealth Orlando,"601 E Rollins St Suite 400, Orlando, FL 32803",1-19,https://www.adventhealth.com/hospital/adventhealth-orlando,33,0,0,2,0,6,0,0,28.5735429,-81.3692095
District of Columbia,DCGU-TX1 Medstar Georgetown Transplant Institute,Medstar Georgetown Transplant Institute,"2629 Riva Rd Suite 110, Annapolis, MD 21401",1-19,http://www.medstargeorgetown.org/,113,0,3,4,0,38,0,0,38.9499688,-76.5877747
Florida,FLCC-TX1 Cleveland Clinic Florida Weston,Cleveland Clinic Florida Weston,"1825 N Corporate Lakes Blvd, Weston, FL 33326",1-19,https://my.clevelandclinic.org/locations/directions/203-cleveland-clinic-florida,86,0,0,0,0,6,0,0,26.09598125,-80.36910924
California,CASJ-TX1 Saint Joseph Hospital,Saint Joseph Hospital,"1100 W Stewart Dr, Orange, CA 92868",1-19,https://www.providence.org/locations/st-joseph-hospital-orange?y_source=1_MTUzNTQ1MTYtNzE1LWxvY2F0aW9uLmdvb2dsZV93ZWJzaXRlX292ZXJyaWRl#llaid=2509,47,0,0,0,194,0,0,0,33.78213355,-117.8640264
Arizona,AZGS-TX1 Banner-University Medical Center Phoenix,Banner-University Medical Center Phoenix,"1111 E McDowell Rd, Phoenix, AZ 85006",1-19,https://www.bannerhealth.com/locations/phoenix/banner-university-medical-center-phoenix?y_source=1_MTE5MDczNTMtNzE1LWxvY2F0aW9uLmdvb2dsZV93ZWJzaXRlX292ZXJyaWRl,73,0,2,0,0,17,0,0,33.46470925,-112.05858
California,CASM-TX1 University of California Davis Medical Center,University of California Davis Medical Center,"2315 Stockton Blvd, Sacramento, CA 95817",1-19,http://www.ucdmc.ucdavis.edu/medicalcenter/,149,0,0,0,751,0,0,0,38.5526924,-121.45179
Ohio,OHUH-TX1 University Hospitals of Cleveland,University Hospitals of Cleveland,"11100 Euclid Ave, Cleveland, OH 44106",1-19,https://www.uhhospitals.org/locations/uh-cleveland-medical-center/services/emergency-room?utm_campaign=UH_Cleveland_Medical_Center_Emergency_Room_11100_Euclid_Avenue&utm_source=yext&utm_medium=locallisting&utm_content=website_url,99,0,1,2,0,1,0,0,41.505776,-81.60606907
Arizona,AZMC-TX1 Mayo Clinic Hospital,Mayo Clinic Hospital,"5777 East Mayo Boulevard Phoenix, AZ 85054",1-19,http://www.mayoclinic.org/patient-visitor-guide/arizona/campus-buildings-maps/mayo-clinic-hospital?mc_id=us&utm_source=yext&utm_medium=l&utm_content=feature&utm_campaign=mayoclinic&geo=national&placementsite=enterprise&invsrc=other&cauid=102372,122,0,0,3,0,29,0,0,33.65725275,-111.9558917
Tennessee,TNMH-TX1 Methodist University Hospital,Methodist University Hospital,"1265 Union Ave, Memphis, TN 38104",1-19,http://www.methodisthealth.org/locations/methodist-university-hospital,170,0,1,1,0,2,0,0,35.13682405,-90.01964242
South Carolina,SCMU-TX1 Medical University of South Carolina,Medical University of South Carolina,"171 Ashley Ave, Charleston, SC 29425",1-19,https://www.muschealth.org/?utm_source=Yext&utm_medium=Listings&utm_campaign=WebsiteClicksFacility&y_source=1_MTI2NTc3MDQtNzE1LWxvY2F0aW9uLndlYnNpdGU%3D,278,0,3,13,0,16,0,0,32.78553865,-79.95170579
Mississippi,MSUM-TX1 University of Mississippi Medical Center,University of Mississippi Medical Center,"2500 N State St, Jackson, MS 39216",1-19,https://www.umc.edu/location.aspx?id=6,199,0,0,1,0,7,0,0,32.32938955,-90.17252057
California,CAMB-TX1 UCSF Medical Center at Mission Bay,UCSF Medical Center at Mission Bay,"1825 4th St, San Francisco, CA 94158",1-19,https://www.ucsfhealth.org/locations/mission-bay,6,0,0,0,0,2,0,0,37.765642,-122.3897377
Minnesota,"MNUM-TX1 University of Minnesota Medical Center, Fairview","University of Minnesota Medical Center, Fairview","500 SE Harvard St, Minneapolis, MN 55455",1-19,https://www.mhealth.org/locations/buildings/east-bank-hospital-ummc,188,0,12,29,0,33,0,0,44.97101265,-93.23144467
California,CAPM-TX1 California Pacific Medical Center-Van Ness Campus,California Pacific Medical Center-Van Ness Campus,"1101 Van Ness Ave, San Francisco, CA 94109",1-19,https://www.sutterhealth.org/find-location/facility/cpmc-van-ness-campus,181,0,0,2,0,158,0,0,37.785784,-122.421601
California,CASD-TX1 University of California San Diego Medical Center,University of California San Diego Medical Center,"9300 Campus Point Dr, La Jolla, CA 92037",1-19,https://healthlocations.ucsd.edu/la-jolla/9400-campus-point-drive?utm_source=googlemybusiness&utm_medium=listings,100,0,0,0,0,17,0,0,32.87803826,-117.2255213
Alabama,ALUA-TX1 University of Alabama Hospital,University of Alabama Hospital,"619 South 20th Street Birmingham, AL 35233",1-19,http://www.uabmedicine.org/locations/uab-hospital,46,0,0,0,0,41,0,0,33.51165166,-86.89626998
California,CASF-TX1 University of California San Francisco Medical Center,University of California San Francisco Medical Center,"505 Parnassus Ave, San Francisco, CA 94143",1-19,https://www.ucsfhealth.org/,538,0,2,8,0,198,0,0,37.76307,-122.4574027
Louisiana,LAOF-TX1 Ochsner Foundation Hospital,Ochsner Foundation Hospital,"1514 Jefferson Highway New Orleans, LA 70121",1-19,https://www.ochsner.org/,111,0,0,2,0,21,0,0,29.964975,-90.134399
California,CAPC-TX1 Lucile Salter Packard Children's Hospital at Stanford,Lucile Salter Packard Children's Hospital at Stanford,"725 Welch Rd, Palo Alto, CA 94304",1-19,https://www.stanfordchildrens.org/?utm_source=local&utm_medium=Yext&utm_campaign=GMB&y_source=1_MTY1NzU0NDYtNzE1LWxvY2F0aW9uLmdvb2dsZV93ZWJzaXRlX292ZXJyaWRl,40,0,0,0,0,5,0,0,37.43615675,-122.175251
Texas,TXTX-TX1 Baylor University Medical Center,Baylor University Medical Center,"1 Baylor Plaza, Houston, TX 77030",1-19,https://www.bcm.edu/,229,0,0,4,0,17,0,0,29.7104775,-95.39580027
California,CALL-TX1 Loma Linda University Medical Center,Loma Linda University Medical Center,"11234 Anderson St, Loma Linda, CA 92354",1-19,https://lluh.org/?utm_source=google-local&utm_medium=organic&utm_campaign=yext,175,0,0,5,0,26,0,0,34.04911185,-117.2634355
Arkansas,ARUA-TX1 UAMS Medical Center,UAMS Medical Center,"4301 W Markham Little Rock, AR 72205",1-19,https://uamshealth.com/location/uams-medical-center/?utm_source=google&utm_medium=gmb&utm_campaign=clinical&utm_term=location&utm_content=profile&utm_specs=uams-medical-center,25,0,0,0,0,7,0,0,34.74953576,-92.32053163
California,CAIM-TX1 University of California Irvine Medical Center,University of California Irvine Medical Center,"101 The City Dr S, Orange, CA 92868",1-19,https://www.ucihealth.org/,72,0,0,0,534,0,0,2,33.78722845,-117.8884071
New Jersey,NJSB-TX1 Saint Barnabas Medical Center,Saint Barnabas Medical Center,"94 Old Short Hills Rd, Livingston, NJ 07039",1-19,http://www.rwjbh.org/saintbarnabas,165,0,0,1,"1,159",0,2,13,40.76346035,-74.3048418
California,CAGH-TX1 Scripps Green Hospital,Scripps Green Hospital,"10666 N Torrey Pines Rd, San Diego, CA 92037",1-19,http://www.scripps.org/LocListSGHsdpsocial-gmb,34,0,0,0,0,5,0,0,32.89631765,-117.2426391
Arizona,AZCH-TX1 Phoenix Children's Hospital,Phoenix Children's Hospital,"1919 E Thomas Rd, Phoenix, AZ 85016",1-19,http://phoenixchildrens.org/?utm_source=chatmeter&utm_medium=local-listing,4,0,0,0,0,2,0,0,33.4788896,-112.0411281
California,CACS-TX1 Cedars-Sinai Medical Center,Cedars-Sinai Medical Center,"8700 Beverly Blvd #2900A, Los Angeles, CA 90048",1-19,https://www.cedars-sinai.org/,97,0,0,0,0,5,0,0,34.0751604,-118.3810936
Alabama,ALVA-TX1 Birmingham VA Medical Center,Birmingham VA Medical Center,"700 19th St S, Birmingham, AL 35233",1-19,http://www.birmingham.va.gov/,3,0,0,0,37,0,0,0,33.50505,-86.80129
California,CASH-TX1 Sharp Memorial Hospital,Sharp Memorial Hospital,"7901 Frost St, San Diego, CA 92123",1-19,https://www.sharp.com/hospitals/memorial/?utm_source=google&utm_medium=organic&utm_campaign=yext,63,0,0,3,0,0,0,0,32.79969815,-117.1543535
Alabama,ALUA-TX1 University of Alabama Hospital,University of Alabama Hospital,"619 South 20th Street Birmingham, AL 35233",20-79,http://www.uabmedicine.org/locations/uab-hospital,196,0,0,1,0,41,0,0,33.51165166,-86.89626998
Louisiana,LAOF-TX1 Ochsner Foundation Hospital,Ochsner Foundation Hospital,"1514 Jefferson Highway New Orleans, LA 70121",20-79,https://www.ochsner.org/,126,0,0,0,0,21,0,0,29.964975,-90.134399
Connecticut,CTHH-TX1 Hartford Hospital,Hartford Hospital,"80 Seymour St, Hartford, CT 06106",20-79,https://hartfordhospital.org/,41,0,0,0,0,5,0,0,41.7544777,-72.6796497
California,CASF-TX1 University of California San Francisco Medical Center,University of California San Francisco Medical Center,"505 Parnassus Ave, San Francisco, CA 94143",20-79,https://www.ucsfhealth.org/,853,0,4,18,0,198,0,0,37.76307,-122.4574027
Maryland,MDUM-TX1 University of Maryland Medical System,University of Maryland Medical System,"250 W Pratt St, Baltimore, MD 21201",20-79,https://www.umms.org/?utm_campaign=website-link&utm_medium=organic&utm_source=local-listing,106,0,1,5,0,62,0,0,39.28673275,-76.61875925
North Carolina,NCBG-TX1 Wake Forest Baptist Medical Center,Wake Forest Baptist Medical Center,"1 Medical Center Blvd, Winston-Salem, NC 27157",20-79,https://www.wakehealth.edu/,82,0,2,1,0,0,0,0,36.08983775,-80.26771223
California,CASD-TX1 University of California San Diego Medical Center,University of California San Diego Medical Center,"9300 Campus Point Dr, La Jolla, CA 92037",20-79,https://healthlocations.ucsd.edu/la-jolla/9400-campus-point-drive?utm_source=googlemybusiness&utm_medium=listings,85,0,0,0,0,17,0,0,32.87803826,-117.2255213
Maine,MAMG-TX1 Massachusetts General Hospital,Massachusetts General Hospital,"55 Fruit St, Boston, MA 02114",20-79,http://www.massgeneral.org/,91,0,1,1,0,82,0,0,42.36286045,-71.06875297
California,CASM-TX1 University of California Davis Medical Center,University of California Davis Medical Center,"2315 Stockton Blvd, Sacramento, CA 95817",20-79,http://www.ucdmc.ucdavis.edu/medicalcenter/,330,0,0,0,751,0,0,0,38.5526924,-121.45179
Maine,MAUM-TX1 UMass Memorial Medical Center,UMass Memorial Medical Center,"26 Queen St, Worcester, MA 01610",20-79,http://umassmemorial.org/,62,0,0,2,0,39,0,0,42.25930925,-71.81495237
Illinois,ILNM-TX1 Northwestern Memorial Hospital,Northwestern Memorial Hospital,"251 E Huron St, Chicago, IL 60611",20-79,https://www.nm.org/locations/northwestern-memorial-hospital?utm_source=yext&utm_medium=gmb+location&utm_campaign=online+listings&y_source=1_ODIyOTk0Ny03MTUtbG9jYXRpb24uZ29vZ2xlX3dlYnNpdGVfb3ZlcnJpZGU%3D,112,0,1,3,0,5,0,0,41.89498135,-87.62153624
California,CASJ-TX1 Saint Joseph Hospital,Saint Joseph Hospital,"1100 W Stewart Dr, Orange, CA 92868",20-79,https://www.providence.org/locations/st-joseph-hospital-orange?y_source=1_MTUzNTQ1MTYtNzE1LWxvY2F0aW9uLmdvb2dsZV93ZWJzaXRlX292ZXJyaWRl#llaid=2509,66,0,0,0,194,0,0,0,33.78213355,-117.8640264
California,CASH-TX1 Sharp Memorial Hospital,Sharp Memorial Hospital,"7901 Frost St, San Diego, CA 92123",20-79,https://www.sharp.com/hospitals/memorial/?utm_source=google&utm_medium=organic&utm_campaign=yext,94,0,0,1,0,0,0,0,32.79969815,-117.1543535
California,CAMB-TX1 UCSF Medical Center at Mission Bay,UCSF Medical Center at Mission Bay,"1825 4th St, San Francisco, CA 94158",20-79,https://www.ucsfhealth.org/locations/mission-bay,11,0,0,0,0,2,0,0,37.765642,-122.3897377
Alabama,ALCH-TX1 Children's of Alabama,Children's of Alabama,"1600 7th Avenue South Birmingham, AL 35233",20-79,https://www.childrensal.org/?utm_campaign=website-link&utm_medium=organic&utm_source=local-listing,1,0,0,0,0,1,0,0,33.50468945,-86.80563664
Louisiana,LAWK-TX1 Willis-Knighton Medical Center,Willis-Knighton Medical Center,"2600 Greenwood Rd, Shreveport, LA 71103",20-79,http://www.wkhs.com/Locations/MedicalCenter,83,0,0,3,0,12,0,0,32.48491885,-93.77870669
California,CAPM-TX1 California Pacific Medical Center-Van Ness Campus,California Pacific Medical Center-Van Ness Campus,"1101 Van Ness Ave, San Francisco, CA 94109",20-79,https://www.sutterhealth.org/find-location/facility/cpmc-van-ness-campus,243,0,0,4,0,158,0,0,37.785784,-122.421601
Idaho,IAMH-TX1 MercyOne Des Moines Transplant Center,MercyOne Des Moines Transplant Center,"East Tower, 1111 6th Ave, Des Moines, IA 50314",20-79,https://www.mercyone.org/desmoines/location/mercyone-des-moines-medical-center-1,0,0,0,1,2,0,1,1,41.59857925,-93.62277408
Georgia,GAPH-TX1 Piedmont Hospital,Piedmont Hospital,"1968 Peachtree Rd NW, Atlanta, GA 30309",20-79,https://www.piedmont.org/locations/piedmont-atlanta/pah-home?utm_source=directorylisting&utm_medium=seo&utm_campaign=10223&y_source=1_MTI5OTY4MzYtNzE1LWxvY2F0aW9uLmdvb2dsZV93ZWJzaXRlX292ZXJyaWRl,466,0,0,5,0,44,0,0,33.80855411,-84.39363936
Georgia,"GAMC-TX1 AU Medical Center, Inc.","AU Medical Center, Inc.","1120 15th St, Augusta, GA 30912",20-79,http://www.augustahealth.org/,75,0,0,0,368,0,1,6,33.47110005,-81.98981675
Texas,TXTX-TX1 Baylor University Medical Center,Baylor University Medical Center,"1 Baylor Plaza, Houston, TX 77030",20-79,https://www.bcm.edu/,216,0,0,3,0,17,0,0,29.7104775,-95.39580027
Missouri,MOBH-TX1 Barnes-Jewish Hospital,Barnes-Jewish Hospital,"1 Barnes Jewish Hospital Plaza, St. Louis, MO 63110",20-79,http://www.barnesjewish.org/?utm_medium=organic&utm_source=listing&utm_campaign=bjh,139,0,0,5,0,11,0,0,38.63734255,-90.26432457
Mississippi,MSUM-TX1 University of Mississippi Medical Center,University of Mississippi Medical Center,"2500 N State St, Jackson, MS 39216",20-79,https://www.umc.edu/location.aspx?id=6,257,0,0,1,0,7,0,0,32.32938955,-90.17252057
Minnesota,"MNUM-TX1 University of Minnesota Medical Center, Fairview","University of Minnesota Medical Center, Fairview","500 SE Harvard St, Minneapolis, MN 55455",20-79,https://www.mhealth.org/locations/buildings/east-bank-hospital-ummc,323,0,27,44,0,33,0,0,44.97101265,-93.23144467
Minnesota,MNMC-TX1 Rochester Methodist Hospital (Mayo Clinic),Rochester Methodist Hospital (Mayo Clinic),"201 W Center St, Rochester, MN 55902",20-79,https://mayocl.in/2Rshw2c,128,0,9,4,0,1,0,0,44.0234944,-92.4672059
Colorado,COUC-TX1 University of Colorado Hospital/Health Science Center,University of Colorado Hospital/Health Science Center,"1620 N Gaylord St #1207, Denver, CO 80206",20-79,http://www.cuanschutz.edu/,67,0,0,0,0,85,0,0,39.74202069,-104.9609037
Tennessee,TNVU-TX1 Vanderbilt University Medical Center,Vanderbilt University Medical Center,"1211 Medical Center Dr, Nashville, TN 37232",20-79,https://search.vanderbilthealth.com/locations/vanderbilt-university-medical-center?utm_source=Yext&utm_medium=Listings&utm_campaign=WebsiteClicks_Facility&utm_content=338,272,0,0,0,0,1,0,0,36.14092375,-86.80163418
California,CAPC-TX1 Lucile Salter Packard Children's Hospital at Stanford,Lucile Salter Packard Children's Hospital at Stanford,"725 Welch Rd, Palo Alto, CA 94304",20-79,https://www.stanfordchildrens.org/?utm_source=local&utm_medium=Yext&utm_campaign=GMB&y_source=1_MTY1NzU0NDYtNzE1LWxvY2F0aW9uLmdvb2dsZV93ZWJzaXRlX292ZXJyaWRl,28,0,0,0,0,5,0,0,37.43615675,-122.175251
Illinois,ILUC-TX1 University of Chicago Medical Center,University of Chicago Medical Center,"5841 S Maryland Ave, Chicago, IL 60637",20-79,https://www.uchicagomedicine.org/,52,0,1,1,0,5,0,0,41.7883423,-87.6045824
California,CALL-TX1 Loma Linda University Medical Center,Loma Linda University Medical Center,"11234 Anderson St, Loma Linda, CA 92354",20-79,https://lluh.org/?utm_source=google-local&utm_medium=organic&utm_campaign=yext,184,0,2,4,0,26,0,0,34.04911185,-117.2634355
Louisiana,LATU-TX1 Tulane Medical Center,Tulane Medical Center,"1415 Tulane Ave, New Orleans, LA 70112",20-79,http://tulanehealthcare.com/?utm_campaign=corp_listings_mgmt&utm_source=google&utm_medium=business_listing,138,0,0,1,0,2,0,0,29.9558617,-90.07629325
Arizona,AZMC-TX1 Mayo Clinic Hospital,Mayo Clinic Hospital,"5777 East Mayo Boulevard Phoenix, AZ 85054",20-79,http://www.mayoclinic.org/patient-visitor-guide/arizona/campus-buildings-maps/mayo-clinic-hospital?mc_id=us&utm_source=yext&utm_medium=l&utm_content=feature&utm_campaign=mayoclinic&geo=national&placementsite=enterprise&invsrc=other&cauid=102372,96,0,1,1,0,29,0,0,33.65725275,-111.9558917
District of Columbia,DCGU-TX1 Medstar Georgetown Transplant Institute,Medstar Georgetown Transplant Institute,"2629 Riva Rd Suite 110, Annapolis, MD 21401",20-79,http://www.medstargeorgetown.org/,148,0,5,12,0,38,0,0,38.9499688,-76.5877747
North Carolina,NCEC-TX1 Vidant Medical Center,Vidant Medical Center,"2100 Stantonsburg Rd, Greenville, NC 27834",20-79,https://locations.vidanthealth.com/nc/greenville/vidant-medical-center.html,143,0,2,3,249,0,2,5,35.6088096,-77.4067487
Texas,TXMH-TX1 Houston Methodist Hospital,Houston Methodist Hospital,"6565 Fannin St, Houston, TX 77030",20-79,https://www.houstonmethodist.org/locations/texas-medical-center/?utm_source=gmb&utm_medium=organic&utm_campaign=all_front_door_gmb&utm_content=website-click,356,0,1,7,0,37,0,0,29.7108167,-95.39926398
Georgia,GAEM-TX1 Emory University Hospital,Emory University Hospital,"1364 E Clifton Rd NE, Atlanta, GA 30322",20-79,https://www.emoryhealthcare.org/locations/hospitals/emory-university-hospital/index.html?hcmacid=a0Z1P00000GmrDb&utm_campaign=locations_fy21&utm_source=gmb&utm_medium=referral&utm_content=gmb_locations,460,0,0,2,0,37,0,0,33.7689292,-84.33302
California,CALA-TX1 Harbor UCLA Medical Center,Harbor UCLA Medical Center,"1000 W Carson St, Torrance, CA 90502",20-79,http://www.harbor-ucla.org/,92,0,0,0,378,0,0,0,33.8314751,-118.3090998
Alabama,ALVA-TX1 Birmingham VA Medical Center,Birmingham VA Medical Center,"700 19th St S, Birmingham, AL 35233",20-79,http://www.birmingham.va.gov/,7,0,0,0,37,0,0,0,33.50505,-86.80129
Delaware,DEAI-TX1 Alfred I duPont Hospital for Children,Alfred I duPont Hospital for Children,"1600 Rockland Rd, Wilmington, DE 19803",20-79,https://www.nemours.org/locations/wilmington-ai-dupont-childrens-hospital.html?utm_source=GMB&utm_medium=Yext&utm_content=OS2150806010100&external_id=OS2150806010100,2,0,0,0,0,1,0,0,39.77972505,-75.55504102
California,CASU-TX1 Stanford Health Care,Stanford Health Care,"6475 Camden Ave, San Jose, CA 95120",20-79,https://stanfordhealthcare.org/,499,0,0,3,0,63,0,0,37.220664,-121.865107
Florida,FLTG-TX1 Tampa General Hospital,Tampa General Hospital,"1 Tampa General Cir, Tampa, FL 33606",20-79,https://www.tgh.org/?utm_source=ExtNet&utm_medium=Yext,110,0,0,3,0,14,0,0,27.9375006,-82.45889587
California,CAGH-TX1 Scripps Green Hospital,Scripps Green Hospital,"10666 N Torrey Pines Rd, San Diego, CA 92037",20-79,http://www.scripps.org/LocListSGHsdpsocial-gmb,80,0,1,0,0,5,0,0,32.89631765,-117.2426391
District of Columbia,DCGW-TX1 George Washington University Hospital,George Washington University Hospital,"900 23rd St NW, Washington, DC 20037",20-79,https://www.gwhospital.com/?utm_source=google-business&utm_medium=organic&utm_campaign=homepage,76,0,0,0,235,0,0,0,38.9014106,-77.05060019
New York,NYNY-TX1 New York-Presbyterian Hospital/Weill Cornell Medical Center,New York-Presbyterian Hospital/Weill Cornell Medical Center,"1414 York Ave, New York, NY 10021",20-79,https://www.nyp.org/locations/newyork-presbyterian-weill-cornell-medical-center,127,0,2,3,0,16,0,0,40.768834,-73.9520813
California,CACS-TX1 Cedars-Sinai Medical Center,Cedars-Sinai Medical Center,"8700 Beverly Blvd #2900A, Los Angeles, CA 90048",20-79,https://www.cedars-sinai.org/,133,0,1,2,0,5,0,0,34.0751604,-118.3810936
California,CAUH-TX1 Keck Hospital of USC,Keck Hospital of USC,"1500 San Pablo St, Los Angeles, CA 90033",20-79,https://www.keckmedicine.org/about-keck-medicine/keck-hospital-of-usc/,150,0,1,1,0,24,0,0,34.0627257,-118.2018882
Texas,TXHS-TX1 Methodist Specialty and Transplant Hospital,Methodist Specialty and Transplant Hospital,"8026 Floyd Curl Dr, San Antonio, TX 78229",20-79,https://sahealth.com/specialties/emergency-care?location=methodist-hospital-specialty-and-transplant?utm_campaign=corp_listings_mgmt&utm_source=google&utm_medium=business_listing,197,0,1,2,0,27,0,0,29.5142308,-98.57634466
Florida,FLCC-TX1 Cleveland Clinic Florida Weston,Cleveland Clinic Florida Weston,"1825 N Corporate Lakes Blvd, Weston, FL 33326",20-79,https://my.clevelandclinic.org/locations/directions/203-cleveland-clinic-florida,119,0,0,0,0,6,0,0,26.09598125,-80.36910924
Florida,FLSL-TX1 Mayo Clinic Florida,Mayo Clinic Florida,"4500 San Pablo Rd S, Jacksonville, FL 32224",20-79,http://www.mayoclinic.org/patient-visitor-guide/florida/campus-buildings-maps/mayo-building-hospital?mc_id=us&utm_source=yext&utm_medium=l&utm_content=feature&utm_campaign=mayoclinic&geo=national&placementsite=enterprise&invsrc=other&cauid=102372,230,0,1,9,0,30,0,0,30.2859794,-81.4375798
North Carolina,NCCM-TX1 Carolinas Medical Center,Carolinas Medical Center,"1000 Blythe Blvd, Charlotte, NC 28203",20-79,https://atriumhealth.org/locations/detail/carolinas-medical-center?utm_campaign=Homepage&utm_source=GMB&utm_medium=organic,187,0,0,9,0,26,0,0,35.20374595,-80.83931376
New York,NYWC-TX1 Westchester Medical Center,Westchester Medical Center,"3262 Westchester Ave, The Bronx, NY 10461",20-79,http://www.medicalclinicsofnyc.com/,89,0,0,0,0,1,0,0,40.85245009,-73.82793674
South Carolina,SCMU-TX1 Medical University of South Carolina,Medical University of South Carolina,"171 Ashley Ave, Charleston, SC 29425",20-79,https://www.muschealth.org/?utm_source=Yext&utm_medium=Listings&utm_campaign=WebsiteClicksFacility&y_source=1_MTI2NTc3MDQtNzE1LWxvY2F0aW9uLndlYnNpdGU%3D,357,0,3,20,0,16,0,0,32.78553865,-79.95170579
Arkansas,ARUA-TX1 UAMS Medical Center,UAMS Medical Center,"4301 W Markham Little Rock, AR 72205",20-79,https://uamshealth.com/location/uams-medical-center/?utm_source=google&utm_medium=gmb&utm_campaign=clinical&utm_term=location&utm_content=profile&utm_specs=uams-medical-center,48,0,0,0,0,7,0,0,34.74953576,-92.32053163
Ohio,OHUH-TX1 University Hospitals of Cleveland,University Hospitals of Cleveland,"11100 Euclid Ave, Cleveland, OH 44106",20-79,https://www.uhhospitals.org/locations/uh-cleveland-medical-center/services/emergency-room?utm_campaign=UH_Cleveland_Medical_Center_Emergency_Room_11100_Euclid_Avenue&utm_source=yext&utm_medium=locallisting&utm_content=website_url,107,0,1,2,0,1,0,0,41.505776,-81.60606907
Florida,FLJM-TX1 Jackson Memorial Hospital University of Miami School of Medicine,Jackson Memorial Hospital University of Miami School of Medicine,"1695 NW 9th Ave #2303, Miami, FL 33136",20-79,http://med.miami.edu/,61,0,1,1,0,31,0,0,25.791348,-80.209851
Florida,FLSH-TX1 Ascension Sacred Heart Pensacola,Ascension Sacred Heart Pensacola,"5151 N 9th Ave, Pensacola, FL 32504",20-79,https://healthcare.ascension.org/Locations/Florida/FLPEN/Pensacola-Ascension-Sacred-Heart-Pensacola?utm_campaign=gmb-website&utm_medium=organic&utm_source=google,54,0,0,0,143,0,0,0,30.4777724,-87.21136549
New York,NYMS-TX1 Mount Sinai Medical Center,Mount Sinai Medical Center,"5 E 98th St, New York, NY 10029",20-79,http://www.mountsinai.org/,172,0,4,3,0,83,0,0,40.78909055,-73.95390005
Pennsylvania,PATJ-TX1 Thomas Jefferson University Hospital,Thomas Jefferson University Hospital,"111 S 11th St, Philadelphia, PA 19107",20-79,https://hospitals.jefferson.edu/find-a-location/locations/thomas-jefferson-university-hospital.html,169,0,3,3,0,18,0,0,39.9493479,-75.15801475
Florida,FLFH-TX1 AdventHealth Orlando,AdventHealth Orlando,"601 E Rollins St Suite 400, Orlando, FL 32803",20-79,https://www.adventhealth.com/hospital/adventhealth-orlando,65,0,0,0,0,6,0,0,28.5735429,-81.3692095
Pennsylvania,PAUP-TX1 Hospital of the University of Pennsylvania,Hospital of the University of Pennsylvania,"3400 Spruce St, Philadelphia, PA 19104",20-79,https://www.pennmedicine.org/for-patients-and-visitors/penn-medicine-locations/hospital-of-the-university-of-pennsylvania?y_source=1_NDE5ODI4Ny03MTUtbG9jYXRpb24ud2Vic2l0ZQ%3D%3D,132,0,3,5,0,31,0,0,39.94994805,-75.19410142
Arizona,AZGS-TX1 Banner-University Medical Center Phoenix,Banner-University Medical Center Phoenix,"1111 E McDowell Rd, Phoenix, AZ 85006",20-79,https://www.bannerhealth.com/locations/phoenix/banner-university-medical-center-phoenix?y_source=1_MTE5MDczNTMtNzE1LWxvY2F0aW9uLmdvb2dsZV93ZWJzaXRlX292ZXJyaWRl,90,0,0,0,0,17,0,0,33.46470925,-112.05858
California,CAUC-TX1 University of California at Los Angeles Medical Center,University of California at Los Angeles Medical Center,"757 Westwood Plaza, Los Angeles, CA 90095",20-79,https://www.uclahealth.org/reagan?utm_source=google&utm_medium=Yext,271,0,4,3,0,1,0,0,34.0664646,-118.4465073
California,CASU-TX1 Stanford Health Care,Stanford Health Care,"6475 Camden Ave, San Jose, CA 95120",80-97,https://stanfordhealthcare.org/,116,0,0,0,0,63,0,0,37.220664,-121.865107
Michigan,MIHF-TX1 Henry Ford Hospital,Henry Ford Hospital,"2799 W Grand Blvd, Detroit, MI 48202",80-97,https://www.henryford.com/locations/henry-ford-hospital?utm_campaign=website-link&utm_medium=organic&utm_source=local-listing,39,0,0,0,0,23,0,0,42.36764305,-83.0853755
Colorado,COSL-TX1 Presbyterian/St Luke's Medical Center,Presbyterian/St Luke's Medical Center,"1719 E 19th Ave, Denver, CO 80218",80-97,https://healthonecares.com/locations/presbyterian-st-lukes?utm_campaign=corp_listings_mgmt&utm_source=google&utm_medium=business_listing,12,0,0,0,0,8,0,0,39.74715715,-104.9670967
Alabama,ALUA-TX1 University of Alabama Hospital,University of Alabama Hospital,"619 South 20th Street Birmingham, AL 35233",80-97,http://www.uabmedicine.org/locations/uab-hospital,53,0,2,0,0,41,0,0,33.51165166,-86.89626998
Arkansas,ARUA-TX1 UAMS Medical Center,UAMS Medical Center,"4301 W Markham Little Rock, AR 72205",80-97,https://uamshealth.com/location/uams-medical-center/?utm_source=google&utm_medium=gmb&utm_campaign=clinical&utm_term=location&utm_content=profile&utm_specs=uams-medical-center,27,0,0,0,0,7,0,0,34.74953576,-92.32053163
Florida,FLJM-TX1 Jackson Memorial Hospital University of Miami School of Medicine,Jackson Memorial Hospital University of Miami School of Medicine,"1695 NW 9th Ave #2303, Miami, FL 33136",80-97,http://med.miami.edu/,45,0,1,4,0,31,0,0,25.791348,-80.209851
District of Columbia,DCWR-TX1 Walter Reed National Military Medical Center at Bethesda,Walter Reed National Military Medical Center at Bethesda,"4494 Palmer Rd N, Bethesda, MD 20814",80-97,https://tricare.mil/mtf/Walterreed,20,0,1,0,62,0,0,0,39.0037945,-77.0934061
Arizona,AZMC-TX1 Mayo Clinic Hospital,Mayo Clinic Hospital,"5777 East Mayo Boulevard Phoenix, AZ 85054",80-97,http://www.mayoclinic.org/patient-visitor-guide/arizona/campus-buildings-maps/mayo-clinic-hospital?mc_id=us&utm_source=yext&utm_medium=l&utm_content=feature&utm_campaign=mayoclinic&geo=national&placementsite=enterprise&invsrc=other&cauid=102372,35,0,0,0,0,29,0,0,33.65725275,-111.9558917
California,CASF-TX1 University of California San Francisco Medical Center,University of California San Francisco Medical Center,"505 Parnassus Ave, San Francisco, CA 94143",80-97,https://www.ucsfhealth.org/,252,0,0,4,0,198,0,0,37.76307,-122.4574027
Illinois,ILNM-TX1 Northwestern Memorial Hospital,Northwestern Memorial Hospital,"251 E Huron St, Chicago, IL 60611",80-97,https://www.nm.org/locations/northwestern-memorial-hospital?utm_source=yext&utm_medium=gmb+location&utm_campaign=online+listings&y_source=1_ODIyOTk0Ny03MTUtbG9jYXRpb24uZ29vZ2xlX3dlYnNpdGVfb3ZlcnJpZGU%3D,55,0,0,2,0,5,0,0,41.89498135,-87.62153624
Illinois,ILPL-TX1 Rush University Medical Center,Rush University Medical Center,"1620 W Harrison St, Chicago, IL 60612",80-97,https://www.rush.edu/schedule-appointments-online-anytime-anywhere?utm_source=listing&utm_medium=organic&utm_campaign=yext&y_source=1_ODc5MzM1Ni03MTUtbG9jYXRpb24ucmVzZXJ2YXRpb25fdXJs,15,0,0,0,0,1,0,0,41.8738892,-87.6861602
District of Columbia,DCGW-TX1 George Washington University Hospital,George Washington University Hospital,"900 23rd St NW, Washington, DC 20037",80-97,https://www.gwhospital.com/?utm_source=google-business&utm_medium=organic&utm_campaign=homepage,17,0,0,0,235,0,0,0,38.9014106,-77.05060019
Georgia,GAEM-TX1 Emory University Hospital,Emory University Hospital,"1364 E Clifton Rd NE, Atlanta, GA 30322",80-97,https://www.emoryhealthcare.org/locations/hospitals/emory-university-hospital/index.html?hcmacid=a0Z1P00000GmrDb&utm_campaign=locations_fy21&utm_source=gmb&utm_medium=referral&utm_content=gmb_locations,135,0,0,1,0,37,0,0,33.7689292,-84.33302
California,CASM-TX1 University of California Davis Medical Center,University of California Davis Medical Center,"2315 Stockton Blvd, Sacramento, CA 95817",80-97,http://www.ucdmc.ucdavis.edu/medicalcenter/,105,0,0,0,751,0,0,0,38.5526924,-121.45179
South Carolina,SCMU-TX1 Medical University of South Carolina,Medical University of South Carolina,"171 Ashley Ave, Charleston, SC 29425",80-97,https://www.muschealth.org/?utm_source=Yext&utm_medium=Listings&utm_campaign=WebsiteClicksFacility&y_source=1_MTI2NTc3MDQtNzE1LWxvY2F0aW9uLndlYnNpdGU%3D,108,0,0,4,0,16,0,0,32.78553865,-79.95170579
California,CASH-TX1 Sharp Memorial Hospital,Sharp Memorial Hospital,"7901 Frost St, San Diego, CA 92123",80-97,https://www.sharp.com/hospitals/memorial/?utm_source=google&utm_medium=organic&utm_campaign=yext,22,0,0,0,0,0,0,0,32.79969815,-117.1543535
California,CAPM-TX1 California Pacific Medical Center-Van Ness Campus,California Pacific Medical Center-Van Ness Campus,"1101 Van Ness Ave, San Francisco, CA 94109",80-97,https://www.sutterhealth.org/find-location/facility/cpmc-van-ness-campus,115,0,1,1,0,158,0,0,37.785784,-122.421601
Florida,FLUF-TX1 UF Health Shands Hospital,UF Health Shands Hospital,"1515 SW Archer Rd, Gainesville, FL 32608",80-97,https://ufhealth.org/shands-university-florida,32,0,0,0,0,5,0,0,29.6389056,-82.34237223
Arizona,AZGS-TX1 Banner-University Medical Center Phoenix,Banner-University Medical Center Phoenix,"1111 E McDowell Rd, Phoenix, AZ 85006",80-97,https://www.bannerhealth.com/locations/phoenix/banner-university-medical-center-phoenix?y_source=1_MTE5MDczNTMtNzE1LWxvY2F0aW9uLmdvb2dsZV93ZWJzaXRlX292ZXJyaWRl,18,0,0,0,0,17,0,0,33.46470925,-112.05858
California,CALL-TX1 Loma Linda University Medical Center,Loma Linda University Medical Center,"11234 Anderson St, Loma Linda, CA 92354",98-100,https://lluh.org/?utm_source=google-local&utm_medium=organic&utm_campaign=yext,38,0,1,1,0,26,0,0,34.04911185,-117.2634355
North Carolina,NCCM-TX1 Carolinas Medical Center,Carolinas Medical Center,"1000 Blythe Blvd, Charlotte, NC 28203",98-100,https://atriumhealth.org/locations/detail/carolinas-medical-center?utm_campaign=Homepage&utm_source=GMB&utm_medium=organic,77,0,0,0,0,26,0,0,35.20374595,-80.83931376
California,CALA-TX1 Harbor UCLA Medical Center,Harbor UCLA Medical Center,"1000 W Carson St, Torrance, CA 90502",98-100,http://www.harbor-ucla.org/,30,0,0,0,378,0,0,0,33.8314751,-118.3090998
California,CAIM-TX1 University of California Irvine Medical Center,University of California Irvine Medical Center,"101 The City Dr S, Orange, CA 92868",98-100,https://www.ucihealth.org/,19,0,0,1,534,0,0,2,33.78722845,-117.8884071
Arizona,AZUA-TX1 Banner University Medical Center-Tucson,Banner University Medical Center-Tucson,"1625 North Campbell Avenue Tucson, AZ 85719",98-100,https://www.bannerhealth.com/locations/tucson/banner-university-medical-center-tucson,13,0,0,0,0,5,0,0,32.24197631,-110.9440946
California,CACS-TX1 Cedars-Sinai Medical Center,Cedars-Sinai Medical Center,"8700 Beverly Blvd #2900A, Los Angeles, CA 90048",98-100,https://www.cedars-sinai.org/,56,0,0,1,0,5,0,0,34.0751604,-118.3810936
California,CASU-TX1 Stanford Health Care,Stanford Health Care,"6475 Camden Ave, San Jose, CA 95120",98-100,https://stanfordhealthcare.org/,117,0,0,0,0,63,0,0,37.220664,-121.865107
District of Columbia,DCWR-TX1 Walter Reed National Military Medical Center at Bethesda,Walter Reed National Military Medical Center at Bethesda,"4494 Palmer Rd N, Bethesda, MD 20814",98-100,https://tricare.mil/mtf/Walterreed,23,0,0,0,62,0,0,0,39.0037945,-77.0934061
Florida,FLJM-TX1 Jackson Memorial Hospital University of Miami School of Medicine,Jackson Memorial Hospital University of Miami School of Medicine,"1695 NW 9th Ave #2303, Miami, FL 33136",98-100,http://med.miami.edu/,51,0,1,2,0,31,0,0,25.791348,-80.209851
California,CAGH-TX1 Scripps Green Hospital,Scripps Green Hospital,"10666 N Torrey Pines Rd, San Diego, CA 92037",98-100,http://www.scripps.org/LocListSGHsdpsocial-gmb,29,0,0,2,0,5,0,0,32.89631765,-117.2426391
California,CASM-TX1 University of California Davis Medical Center,University of California Davis Medical Center,"2315 Stockton Blvd, Sacramento, CA 95817",98-100,http://www.ucdmc.ucdavis.edu/medicalcenter/,84,0,0,0,751,0,0,0,38.5526924,-121.45179
Louisiana,LAOF-TX1 Ochsner Foundation Hospital,Ochsner Foundation Hospital,"1514 Jefferson Highway New Orleans, LA 70121",98-100,https://www.ochsner.org/,49,0,0,2,0,21,0,0,29.964975,-90.134399
Georgia,GAPH-TX1 Piedmont Hospital,Piedmont Hospital,"1968 Peachtree Rd NW, Atlanta, GA 30309",98-100,https://www.piedmont.org/locations/piedmont-atlanta/pah-home?utm_source=directorylisting&utm_medium=seo&utm_campaign=10223&y_source=1_MTI5OTY4MzYtNzE1LWxvY2F0aW9uLmdvb2dsZV93ZWJzaXRlX292ZXJyaWRl,131,0,0,2,0,44,0,0,33.80855411,-84.39363936
Maryland,MDJH-TX1 Johns Hopkins Hospital,Johns Hopkins Hospital,"1800 Orleans St, Baltimore, MD 21287",98-100,https://www.hopkinsmedicine.org/the_johns_hopkins_hospital/,130,0,0,1,0,1,0,0,39.2964392,-76.59239403
California,CAPM-TX1 California Pacific Medical Center-Van Ness Campus,California Pacific Medical Center-Van Ness Campus,"1101 Van Ness Ave, San Francisco, CA 94109",98-100,https://www.sutterhealth.org/find-location/facility/cpmc-van-ness-campus,57,0,0,0,0,158,0,0,37.785784,-122.421601
California,CASF-TX1 University of California San Francisco Medical Center,University of California San Francisco Medical Center,"505 Parnassus Ave, San Francisco, CA 94143",98-100,https://www.ucsfhealth.org/,233,0,3,7,0,198,0,0,37.76307,-122.4574027
California,CASH-TX1 Sharp Memorial Hospital,Sharp Memorial Hospital,"7901 Frost St, San Diego, CA 92123",98-100,https://www.sharp.com/hospitals/memorial/?utm_source=google&utm_medium=organic&utm_campaign=yext,16,0,0,0,0,0,0,0,32.79969815,-117.1543535
South Carolina,SCMU-TX1 Medical University of South Carolina,Medical University of South Carolina,"171 Ashley Ave, Charleston, SC 29425",98-100,https://www.muschealth.org/?utm_source=Yext&utm_medium=Listings&utm_campaign=WebsiteClicksFacility&y_source=1_MTI2NTc3MDQtNzE1LWxvY2F0aW9uLndlYnNpdGU%3D,208,0,4,7,0,16,0,0,32.78553865,-79.95170579
Illinois,ILPL-TX1 Rush University Medical Center,Rush University Medical Center,"1620 W Harrison St, Chicago, IL 60612",98-100,https://www.rush.edu/schedule-appointments-online-anytime-anywhere?utm_source=listing&utm_medium=organic&utm_campaign=yext&y_source=1_ODc5MzM1Ni03MTUtbG9jYXRpb24ucmVzZXJ2YXRpb25fdXJs,31,0,0,0,0,1,0,0,41.8738892,-87.6861602
Arkansas,ARUA-TX1 UAMS Medical Center,UAMS Medical Center,"4301 W Markham Little Rock, AR 72205",98-100,https://uamshealth.com/location/uams-medical-center/?utm_source=google&utm_medium=gmb&utm_campaign=clinical&utm_term=location&utm_content=profile&utm_specs=uams-medical-center,36,0,0,0,0,7,0,0,34.74953576,-92.32053163
Alabama,ALCH-TX1 Children's of Alabama,Children's of Alabama,"1600 7th Avenue South Birmingham, AL 35233",98-100,https://www.childrensal.org/?utm_campaign=website-link&utm_medium=organic&utm_source=local-listing,5,0,0,0,0,1,0,0,33.50468945,-86.80563664
Alabama,ALUA-TX1 University of Alabama Hospital,University of Alabama Hospital,"619 South 20th Street Birmingham, AL 35233",98-100,http://www.uabmedicine.org/locations/uab-hospital,114,0,0,1,0,41,0,0,33.51165166,-86.89626998
Georgia,GAEM-TX1 Emory University Hospital,Emory University Hospital,"1364 E Clifton Rd NE, Atlanta, GA 30322",98-100,https://www.emoryhealthcare.org/locations/hospitals/emory-university-hospital/index.html?hcmacid=a0Z1P00000GmrDb&utm_campaign=locations_fy21&utm_source=gmb&utm_medium=referral&utm_content=gmb_locations,156,0,2,4,0,37,0,0,33.7689292,-84.33302
Minnesota,"MNUM-TX1 University of Minnesota Medical Center, Fairview","University of Minnesota Medical Center, Fairview","500 SE Harvard St, Minneapolis, MN 55455",98-100,https://www.mhealth.org/locations/buildings/east-bank-hospital-ummc,78,0,25,9,0,33,0,0,44.97101265,-93.23144467
New Jersey,NJSB-TX1 Saint Barnabas Medical Center,Saint Barnabas Medical Center,"94 Old Short Hills Rd, Livingston, NJ 07039",98-100,http://www.rwjbh.org/saintbarnabas,98,0,0,1,"1,159",0,2,13,40.76346035,-74.3048418
